Year,Author,Journal ,Title,Article Definition,Procedural Definition Coder 1,Process Definintion Coder 1,Unsure Coder 1,Procedural Definition Coder 2,Process Definintion Coder 2,Unsure Coder 2,Include,Notes
1970,"Leitenberg, H., Rawson, R. A., & Bath, K.",Science Magazine,Reinforcement of Competing Behavior during Extinction. , ,,,,,,,0,Exclude (no definition/description)
1972,"Enkema, S., Slavin, R., Spaeth, C., Neuringer, A.",Psychonomic Science,Extinction in the presence of free food,"Leitenberg et al. found that, under these conditions, responses to the first level extinguished more rapidly than under the control condition. However, when reinforcement for the alternative response was discontinued, the animals returned to the first lever and emitted approximately the same total number of extinction responses as was emitted by a control group. Thus, reinforcing an alternative response facilitated extinction of the original response, but the facilitation was temporary.",,1,,,1,,1,
1973,"Rawson, R. A., & Leitenberg, H.",Journal of Comparative and Physiological Psychology,Reinforced alternative behavior during punishment and extinction with rats,"It was oberved that as long as reinforcement for an alternative response was maintained, extinction of the original response appeared to be more rapid and complete, but when such reinforcment of alternative behavior was discontinued, the original response was resumed",,1,,,1,,1,
1975,"Leitenberg, H., Rawson, R. A., & Mulick, J. A.",Journal of Comparative and Physiological Psychology,Extinction and reinforcement of alternative behavior.,"Although extinction of the original response appeared to be more rapid and complete as a result of simultaneously reinforcing competing behavior, this suppression was not sustained when reinforcement of the competing behavior was discontinued. Instead, the original response recovered and underwent the normal extinction process without any substantial reduction in the total number of extinction responses resulting from the prior reinforced alternative response experience. ",,,,,,,0,Exclude (description of results from a prior study)
1976,"Mulick, J.A., Leitenberg, H., Rawson, R.A.,",Journal of the Experimental Analysis of Behavior,"ALTERNATIVE RESPONSE TRAINING, DIFFERENTIAL REINFORCEMENT OF OTHER BEHAVIOR, AND EXTINCTION IN SQUIRREL MONKEYS (SAIMIRI SCIUREUS)","However, when reinforcement for the competing behavior was discontinued, the original response recovered with only a relatively small net saving in extinction resulting from prior ALT-R training. ",,1,,,1,,1,
1977,"Pacitti, W. A., & Smith, N. F.",Learning and Motivation,A direct comparisonof four methods for eliminating a response,"Leitenberg et al. (1970) observed that suppression of the original response was rapid and complete as long as reinforcment for the alternative response was maintained. But, when reinforcement for the alternative response was discontinued, the origial response resumed.",,1,,,1,,1,
1977,"Rawson, R. A., Leitenberg, H., Mulick, J. A., & Lefebvre, M. F.",Animal Learning & Behavior,Recovery of extinction responding in rats following discontinuation of reinforcement of alternative behavior: A test of two explanations,"For example, discontinuation of punishment often results in some recovery of the response, even though extinction is still in effect for that response, and, when the reinforcement for an alternative behavior is discontinued, there is partial recover of the original behavior ",,1,,,1,,1,
1983,"Epstein, Robert",Behaviour Analysis Letters,Resurgence of previously reinforced behavior during extinction,"When, in a  given situation, recently reinforced  behavior is no longer reinforced,  behaviors that were previously reinforced under similar circumstances tend to recur.",,1,,,1,,1,
1988,"Pittenger, David J.; Pavlik, William B.; Flora, Steve R.; Kontos, Julie M.",Learning and Motivation,The persistence of learned behaviors in humans as a function of changes in reinforcement schedule and response,"Those alternative behaviors that have been previously reinforced in the experimental context, and which are then produced during extinction, are considered to be extinction-induced resurgent responses.",,1,,,1,,1,
1996,"Wilson, K G; Hayes, S C",Journal of the Experimental Analysis of Behavior,Resurgence of derived stimulus relations.,"The return to earlier response patterns was at first called regression, owing to the influence of Frudian theory, but recent behavioral researchers have called teh phenomenon resurgence. One common characteritic of previous demonstrations of resurgence has been that the response topographies that reappear in the subject's behavior had been shaped previously, either by programmed contingencies or by naturally occurring contingencies. ",,,1,,1,,0,
1998,"Dixon, M.R., Hayes, L.J.,",The Psychological Record,Effects of Differing Instructional Histories on the Resurgence Of Rule-Following,"Additionally, when a given behavior is reinforced and then extinguished coupled by the reinforcement of an alternative response, which is then subsequently extinguished, a partial recovery of the original behavior is observed. This observation has been called extinction-induced resurgence.",,1,,,1,,1,
2000,"Cleland, Bryce S.; Foster, T. M.; Temple, W.",Behavioural Processes,Resurgence: The role of extinction,Resurgence is the term used here to refer to this occurrence of a previously reinforced behaviour (Behaviour 1) when a more recently reinforced behaviour (Behaviour 2) is undergoing extinction. ,,1,,,1,,1,
2002,"Nakajima, S., Urushihara, K., & Masaki, T. ",Learning & Motivation,Renewal of operant performance formerly eliminated by omission or noncontingency training upon return to the acquisition context,,,,,,,,0,Exclude (Renewal)
2003,"Lieving, Gregory A; Lattal, Kennon A",Journal of the Experimental Analysis of Behavior,"Recency, repeatability, and reinforcer retrenchment: an experimental analysis of resurgence.",Previous investigations have demonstrated resurgence when reinforcement of alternative behavior is removed ,,1,,,1,,1,
2005,"Sánchez-Carrasco, Livia; Nieto, Javier",Mexican Journal of Behavior Analysis,Resurgence of Three-Response Sequences in Rats = Resurgimiento de secuencias de tres respuestas,Resurgence refers to all those behaviors that were reinforced in prior phases and that appear when there is a change in reinforcement contingencies ,,1,,,1,,1,
2006,"Podlesnik, Christopher A; Jimenez-Gomez, Corina; Shahan, Timothy A",Behavioural Pharmacology,Resurgence of alcohol seeking produced by discontinuing non-drug reinforcement as an animal model of drug relapse.,Findings from basic behavioral research suggest that simply discontinuing reinforcement for a recently reinforced operant response can cause the recurrence (i.e. resurgence) of a different previously reinforced response ,,1,,,1,,1,
2006,Reed; Phil; Morgan; Theresa A,Journal of the Experimental Analysis of Behavior,Resurgence of response sequences during extinction in rats Shows a Primacy effect,"For example, ‘‘resurgence’’ typically refers to previously established behavior that re-emerges during extinction. ",,1,,,1,,1,
2007,"Bachá-Méndez, Gustavo; Reid, Alliston K; Mendoza-Soylovna, Adela",Journal of the Experimental Analysis of Behavior,Resurgence of integrated behavioral units.,"Resurgence is observed only after the resurgent response has been exposed to a history of reinforcement, and then followed by a period of extinction (or very low reinforcement probability).",,1,,,1,,1,
2007,"Doughty, Adam H; da Silva, Stephanie P; Lattal, Kennon A",Behavioural Processes,Differential resurgence and response elimination,"Resurgence is the transient recovery of previously reinforced, but presently not reinforced, responding when more recently reinforced responding is extinguished.",,1,,,1,,1,
2007,"Kearns, D. N., Weiss, S. J.",Drug and Alcohol Dependence,Contextual renewal of cocaine seeking in rats and its attenuation by the conditioned effects of an alternative reinforcer, ,,,,,,,0,Exclude (Renwal)
2007,"Reed, Phil; Morgan, Theresa A",Learning & Behavior,Resurgence of behavior during extinction depends on previous rate of response.,"Induction techniques employ response-dependent reinforcement of another response in order to restore responding to the target, reinstatement effecst are genereated by the delivery of response-independent reinforcement, and resugence effects restore responding through the removal of contingengies that support an alternative response. ",,1,,,1,,1,
2008,da Silva; Stephanie P; Maxwell; Megan E; Lattal; Kennon A,Journal of the Experimental Analysis of Behavior,Concurrent Resurgence and Behavioral history,"The recurrence of previously reinforced responding when more recently reinforced responses are no longer effective, or resurgence, typically is studied using a sequence of three conditions. ",,1,,,1,,1,
2009,Bruzek; Jennifer L; Thompson; Rachel H; Peters; Lindsay C,Journal of the Experimental Analysis of Behavior,Resurgence of Infant Caregiving Responses,"Resurgence, the reemergence of a previously (but not currently) reinforced response when a subsequently reinforced response is placed on extinction, is understudied relative to other extinction-related phenomena (e.g., bursts, emotional behavior, spontaneous recovery)",,1,,,1,,1,
2009,"Podlesnik, Christopher A; Shahan, Timothy A",Learning & Behavior,Behavioral momentum and relapse of extinguished operant responding.,Resurgence is characterized by the reappearance of an extinguished operant response when an alternative behavior introduced during extinction is subsequently placed on extinction,,1,,,1,,1,
2010,"Doughty, Adam H.; Cash, Jeffrey D.; Finch, Elizabeth A.; Holloway, Chrisey; Wallington, Laura K.",Behavioural Processes,Effects of training history on resurgence in humans,Extinction-induced resurgence can be described as a latent history effect when resurgence in a third condition only can be understood by appealing to two preceding conditions,,,1,,1,,0,
2010,"Podlesnik, Christopher A; Shahan, Timothy A",Behavioural Processes,"Extinction, relapse, and behavioral momentum.","In the resurgence model of relapse, extinguishing a recently reinforced response results in the reoccurrence of an extinguished response that had been reinforced previously",,1,,,1,,1,
2010,"St. Peter-Pipkin, Vollmer, & Sloman",Journal of Applied Behavior Analysis,Effects of treatment integrity failures during differential reinforcement of alternative behavior: A translational model., ,,,,,,,0,Exclude (no definition/description)
2010,"Winterbauer, Neil E; Bouton, Mark E",Journal of Experimental Psychology: Animal Behavior Processes,Mechanisms of resurgence of an extinguished instrumental behavior.,"In resurgence, when a previously acquired behavior is no longer rewarded while a second, novel behavior delivers reward, subsequent extinction of that new behavior will result in recovery of the original one.",,1,,1,,,0,
2011,Cancado; Carlos R. X; Lattal; Kennon A,Journal of the Experimental Analysis of Behavior,Resurgence of Temporal Patterns of Responding,Resurgence  is  the  recurrence  of  previouslyreinforced responding when current respond-ing is no longer reinforced ,,1,,,1,,1,
2011,"Doughty, Adam H.; Kastner, Rebecca M.; Bismark, Bryan D.",Behavioural Processes,Resurgence of derived stimulus relations: Replication and extensions,Resurgence usually refers to the recovery of a previously reinforced response when a more recently reinforced response is extinguished.,,1,,,1,,1,
2011,"Quick, Stacey L; Pyszczynski, Adam D; Colston, Kelli A; Shahan, Timothy A",Neuropsychopharmacology,Loss of alternative non-drug reinforcement induces relapse of cocaine-seeking in rats: role of dopamine D(1) receptors.,"In a resurgence paradigm, animals are trained to make a target response for a reinforcer, and that response is subsequently extinguished by withholding the reinforcer. During extinction of the target response, an alternative reinforcer is made available for a second, different response. When the reinforcer for the second response is subsequently withheld, the target response reappears",1,,,1,,,1,Primarly a procedural definition; yet the process is also described with referennce to Phase 3
2011,"Reed, Phil; Clark, Charlotte",Learning & Behavior,Impact of intervening learning on resurgence in humans with Autism Spectrum Disorders.,"Resurgence may be defined as the reappearance of previously observed behavior patterns that have not recently been observed in the behavioral repertoire. Although there are variations in the experimental procedures adopted for the study of resurgence, typically, an initial behavior is established (Response 1), and then this behavior is then extinguished while a new response (Response 2) is taught. This training continues until the behavioral repertoire contains Response 2, but not Response 1. Finally, Response 2 is extinguished, and evidence concerning the re-emergence (resurgence) of Response 1 is examined. ",1,,,1,,,1,
2011,Winterbauer; Neil E; Bouton; Mark E,Learning and Motivation,Mechanisms of Resurgence II: Response-contingent reinforcers can reinstate a second extinguished Behavior,"First, in what we will call Type I resurgence, a second response is reinforced during extinction of a target response. In what we will call Type II resurgence, the original target response is extinguished before the reinforcement and extinction of the new response",,,1,,1,,0,
2012,"Marsteller, Tonya M.; St. Peter, Claire C.",Mexican Journal of Behavior Analysis,Resurgence during treatment challenges,Resurgence describes the reemergence of a previously reinforced behavior following the extinction of an alternative behavior. The conventional resurgence procedure has three phases.,,1,,,1,,1,
2012,"McHugh, Louise; Procter, Jonathan; Herzog, Michaela; Schock, Anne-Kathrin; Reed, Phil",Learning & Behavior,The effect of mindfulness on extinction and behavioral resurgence.,"Another phenomenon of relevance to the focus of the present topic (not exclusively associated with humans) is the reappearance of an apparently absent behavior in the current repertoire of an individual, when the occurrence of more recent behaviors are challenged, either by low levels of reinforcement or by extinction. This phenomenon is known as behavioral resurgence.",,1,,,1,,1,
2012,Thrailkill; Eric A; Shahan; Timothy A,Journal of the Experimental Analysis of Behavior,resistance to change and relapse of Observing,Resurgence refers to the increase of an extinguished operant response observed when extinction is introduced for a response that has been reinforced to replace it.,,1,,,1,,1,
2012,"Winterbauer, Neil E; Bouton, Mark E",Journal of Experimental Psychology: Animal Behavior Processes,Effects of thinning the rate at which the alternative behavior is reinforced on resurgence of an extinguished instrumental response.,"In this paradigm, an operant behavior (e.g., pressing one lever) is first reinforced and then extinguished. While the first behavior is undergoing extinction, a second, alternative behavior (e.g., pressing a second lever) is now trained and reinforced. When that alternative behavior is then extinguished, the first behavior returns or “resurges.” ",1,,,1,,,1,Primarly a procedural definition; yet the process is also described with referennce to Phase 3
2013,"Cançado, Carlos R X; Lattal, Kennon A",Behavioural Processes,"Response elimination, reinforcement rate and resurgence of operant behavior.","Resurgence, the occurrence of previously reinforced responding when reinforcers for current responding are discontinued",,1,,,1,,1,
2013,"Pyszczynski, Adam D; Shahan, Timothy A",Behavioural Pharmacology,Loss of nondrug reinforcement in one context produces alcohol seeking in another context.,"Within the resurgence procedure, a response (R1) is first maintained through contingent drug deliveries. Next, drug deliveries are withheld, resulting in a decrease in R1 while an alternative response (R2) is reinforced with contingent food deliveries. Finally, food reinforcers are also removed and R1 tends to increase in frequency even though drug deliveries remain unavailable.",1,,,1,,,1,Primarly a procedural definition; yet the process is also described with referennce to Phase 3
2013,"Sweeney, Mary M; Shahan, Timothy A",Journal of the Experimental Analysis of Behavior,"Effects of high, low, and thinning rates of alternative reinforcement on response elimination and resurgence.",Relapse following the removal of alternative reinforcement has been termed resurgence ,,1,,,1,,1,
2013,"Sweeney, Mary M.; Shahan, Timothy A.",Learning & Behavior,Behavioral momentum and resurgence: Effects of time in extinction and repeated resurgence tests,Resurgence is relapse that occurs following the removal of alternative reinforcement introduced during the extinction of an operant response.,,1,,,1,,1,
2013,Winterbauer; Neil E; Lucke; Sara; Bouton; Mark E,Learning and Motivation,Some Factors Modulating the strength of Resurgence After extinction of an instrumental Behavior,"Resurgence is another relapse-like recovery phenomenon that occurs after extinction in instrumental learning. In this paradigm, an operant behavior (e.g., pressing one lever) is first reinforced. Then, when that behavior undergoes extinction, a new behavior (e.g., pressing a second lever) is also reinforced. When the new behavior is then itself extinguished, the first behavior recovers or “resurges”",1,,,1,,,1,Primarly a procedural definition; yet the process is also described with referennce to Phase 3
2014,"Bouton, Mark E; Schepers, Scott T",Learning & Behavior,Resurgence of instrumental behavior after an abstinence contingency.,"In resurgence, the performance of an extinguished instrumental behavior can return when an alternative behavior is put on extinction. ",,1,,,1,,1,
2014,"da Silva, Stephanie P; Cançado, Carlos R X; Lattal, Kennon A",Behavioural Processes,"Resurgence in Siamese fighting fish, Betta splendens.","Resurgence is a type of response-recovery phenomenon that has been investigated in humans, rats, and pigeons. Characterized by the recurrence of previously reinforced behavior, it occurs when reinforcers for current, alternative responding are degraded typically by discontinuing them (i.e., extinction).",,1,,,1,,1,
2014,"Doughty, Adam H; Leake, Lesley W; Stoudemire, M Lee",Journal of the Experimental Analysis of Behavior,Failure to observe untested derived stimulus relations in extinction: implications for understanding stimulus-equivalence formation.,"Doughty, Kastner, and Bismark (2011) systematically  replicated  Wilson  and  Hayes (1996) by demonstrating resurgence of pastequivalence relations when newer equivalence relations were extinguished.",,1,,,1,,1,
2014,"Jarmolowicz, D.P., Lattal, K.A.",The Psychological Record,Resurgence Under Delayed Reinforcement,Resurgence typically is defined as the recurrence of a previously reinforced response when the currently reinforced response is extinguished,,1,,,1,,1,
2014,"Podlesnik, Christopher A.; Kelley, Michael E.",Journal of the Experimental Analysis of Behavior,"Resurgence: Response competition, stimulus control, and reinforcer control", Resurgence is a relapse phenomenon in which an extinguished target response recovers as a result of extinguishing amore recently reinforced alternative response.,,1,,,1,,1,
2014,"Pyszczynski, Adam D; Shahan, Timothy A",Behavioural Brain Research,Examination of the role of dopamine D₂ and adrenergic α₂ receptors in resurgence of food seeking.,Resurgence is a behavioral phenomenon in which extinguished operant behavior reappears when reinforcement is subsequently discontinued for an alternative response,,1,,,1,,1,
2014,"Sweeney MM, Moore K, Shahan TA, Ahearn WH, Dube WV, Nevin JA.",Journal of the Experimental Analysis of Behavior,Modeling the effects of sensory reinforcers on behavioral persistence with alternative reinforcement, ,,,,,,,0,Exclude (no definition/description)
2015,"Alessandri, Jérôme; Lattal, Kennon A; Cançado, Carlos R X",Journal of the Experimental Analysis of Behavior,The recurrence of negatively reinforced responding of humans.,"Such response recurrence might develop, for example, (a) when current, alternative, responses are no longer reinforced, (b) when there is a context change from the one in which extinctino was effected (e.g., Bouton, 2004), and (c) when, after exposure to extinction, the reinforcer that previously maintained responding is presented response-independently (e.g., Reid, 1958).  Increases in the rate of the previously reinforced responses in (a), (b) and (c) relative to the low rates of that response in the prior phase have been termed, respectively, resurgence, renewal, reinstatement.",,1,,1,,,0,Coding constrained to (a) within the definition. 
2015,"Cançado, C. R. X., Abreu-Rodrigues, J., & Aló, R. M.",Mexican Journal of Behavior Analysis,Reinforcement rate and resurgence: A parametric analysis,"Experimental analyses of resurgence typically involve a three-phase procedure. In the first, Response A is reinforced. In the second, reinforcement of Response A is discontinued and an alternative Response, B, is reinforced. In the third, reinforcement of Response B also is discontinued. Resurgence is defined as an increase in Response A in the third phase relative to its occurrence in the terminal sessions of the second phase. ",1,,,1,,,1,
2015,"Fujimaki, Shun; Lattal, Kennon A.; Sakagami, Takayuki",Mexican Journal of Behavior Analysis,A further look at reinforcement rate and resurgence,Resurgence is the recurrence of a previously reinforced and subsequently extinguished response when a more recently reinforced response is extinguished,,1,,,1,,1,
2015,"Kestner, Katie; Redner, Ryan; Watkins, Erin E.; Poling, Alan",The Psychological Record,The effects of punishment on resurgence in laboratory rats,"Resurgence is typically demonstrated using a three-phase experimental design. During the first phase, a response (B1) is established and reinforced (e.g., a left-lever press is reinforced under a variable-interval [VI] 30-s schedule). In phase two the initial response (B1) is extinguished, and an alternative response (B2) is then reinforced (e.g., extinction is arranged for left-lever responses and right-lever responses are reinforced under a VI 30-s schedule. The third phase is a resurgence test in which extinction is arranged for both responses (e.g., for left-lever and right-lever presses). Resurgence is evident if the level of B1 responding increases substantially during the resurgence test relative to its level at the end of the second phase.",1,,,1,,,1,
2015,"Kincaid, Stephanie L; Lattal, Kennon A; Spence, Jake",Behavioural Processes,Super-resurgence: ABA renewal increases resurgence.,Two of the most extensivelty stduied of these are resurgence and renewal. The former is a label given by Epstein and Skinner (1980) to the reoccurrence of a previously reinforced response when a more recently reinforced response is extinguished.,,1,,,1,,1,
2015,"Lambert, Joseph M; Bloom, Sarah E; Samaha, Andrew L; Dayton, Elizabeth; Rodewald, Andrew M",Journal of Applied Behavior Analysis,Serial alternative response training as intervention for target response resurgence.,Resurgence is a form of relapse in which a previously extinguished response recovers after an alternative response is placed on extinction,,1,,,1,,1,
2015,"Moriyama, Tetsumi; Kazama, Lisa; Obata, Satoshi; Nakamura, Tatsuhiro",Mexican Journal of Behavior Analysis,Resurgence of chicks’ key-peck responding with an imprinted stimulus or food as reinforcer,Resurgence is defined as a phenomenon in which an operant response that has undergone extinction reoccurs when a second operant response that has replaced it itself undergoes extinction,,1,,,1,,1,
2015,"Okouchi, H.",Mexican Journal of Behavior Analysis,Resurgence of two-response sequences punished by point-loss response cost in humans,"Resurgence is the recurrence of a previously reinforced response when an alternative, more recently reinforced, response is no longer reinforced",,1,,,1,,1,
2015,"Schepers, Scott T; Bouton, Mark E",Journal of Experimental Psychology: Animal Learning and Cognition,Effects of reinforcer distribution during response elimination on resurgence of an instrumental behavior.,Resurgence is said to occur when an extinguished behavior returns after an alternative behavior that replaced it is also extinguished.,,1,,,1,,1,
2015,"Shahan, Timothy A; Craig, Andrew R; Sweeney, Mary M",Behavioural Brain Research,Resurgence of sucrose and cocaine seeking in free-feeding rats.,An increase in an extinguished operant behavior generated by loss of an alternative source of reinforcement is known as resurgence.,,1,,,1,,1,
2015,"Sweeney, Mary M; Shahan, Timothy A",Behavioural Processes,"Renewal, resurgence, and alternative reinforcement context.","Operant relapse can also occur when alternative reinforcement introduced during extinction is removed, a phenomenon called resurgence.",,1,,,1,,1,
2016,"Bouton, Mark E; Trask, Sydney",Learning & Behavior,Role of the discriminative properties of the reinforcer in resurgence.,"Resurgence is the return of an extinguished operant behavior that occurs when reinforcement for an alternative, second be havior that has replaced it is discontinued.",,1,,,1,,1,
2016,"Craig, Andrew R; Nall, Rusty W; Madden, Gregory J; Shahan, Timothy A",Behavioural Brain Research,Higher rate alternative non-drug reinforcement produces faster suppression of cocaine seeking but more resurgence when removed.,Relapse following omission of an alternative source of reinforcement is termed resurgence ,,1,,,1,,1,
2016,"Craig, Andrew R; Shahan, Timothy A",Journal of the Experimental Analysis of Behavior,Behavioral momentum theory fails to account for the effects of reinforcement rate on resurgence.,Behavior that is extinguished in the presence of an alternative source of reinforcementoften recurs once alternative reinforcement is discontinued.  This form of relapse is termed resurgence,,1,,,1,,1,
2016,"King, J. E., & Hayes, L. J.",The Psychological Record,The role of discriminative stimuli on response patterns in resurgence,Resurgence is generally held as a behavioral effect that involves the recurrence of a previously reinforced response when a more recently reinforced alternative response undergoes changes in the operant contingency,,1,,,1,,1,
2016,"Kuroda, Toshikazu; Cançado, Carlos R.X.; Podlesnik, Christopher A.",Behavioural Processes,Resistance to change and resurgence in humans engaging in a computer task,"In one type of relapse, resurgence, a target response is reinforced in Phase 1. Phase 2 extinguishes target responding and reinforces an alternative response. In Phase 3, the alternative response also is extinguished, and the target response commonly recurs.",1,,,1,,,1,Primarly a procedural definition; yet the process is also described with referennce to Phase 3
2016,"Nevin, John A; Mace, F Charles; DeLeon, Iser G; Shahan, Timothy A; Shamlian, Kenneth D; Lit, Keith; Sheehan, Tara; Frank-Crawford, Michelle A; Trauschke, Stephanie L; Sweeney, Mary M; Tarver, Danielle R; Craig, Andrew R",Journal of the Experimental Analysis of Behavior,Effects of signaled and unsignaled alternative reinforcement on persistence and relapse in children and pigeons.,"Resurgence of problem behavior when alternative reinforcement is discontinued, and reinstatement when reinforcers that had been identified  earlier  as  maintaining  problem behavior are reintroduced, either independent  of  or  dependent  upon  that  behavior",,1,,,1,,1,
2016,"Sweeney, Mary M; Shahan, Timothy A",Behavioural Processes,Resurgence of target responding does not exceed increases in inactive responding in a forced-choice alternative reinforcement procedure in humans.,"In operant conditioning, relapse following the removal of alternative reinforcement is called resurgence",,1,,,1,,1,
2016,"Trask, Sydney; Bouton, Mark E",Learning & Behavior,"""Discriminative properties of the reinforcer can be used to attenuate the renewal of extinguished operant behavior""","Although there are several accounts of resurgence it has been suggested that resurgence is a special case of the renewal effect, in which the removal of reinforcers creates the contextual change necessary to produce relapse",,1,,,1,,1,
2016,"Wilson, Alyssa N; Glassford, Tyler S; Koerkenmeier, Sarah M",Behavior Analysis in Practice,Effects of Response Effort on Resurgence.,Resurgence has been defined as the recurrence of a previously reinforced operant placed on extinction when a second alternative operant is placed on extinction,,1,,,1,,1,
2017,"Bai, John Y. H.; Cowie, Sarah; Podlesnik, Christopher A.",Learning & Behavior,Quantitative analysis of local-level resurgence,"Resurgence is a laboratory model of treatment relapse, in which a previously extinguished target behavior recurs when an alternative behavior is extinguished",,1,,,1,,1,
2017,"Benavides, Rodrigo; Escobar, Rogelio",Behavioural Processes,Resurgence of response duration in human participants,A previously reinforced response can reappear when current responses are exposed to extinction. This phenomenon is known as response resurgence. ,,1,,,1,,1,
2017,"Bolívar, Hypatia A; Cox, David J; Barlow, Molly A; Dallery, Jesse",Behavioural Processes,Evaluating resurgence procedures in a human operant laboratory.,"Resurgence can be defined as the reoccurrence of previously extinguished behavior when reinforcement for an alternative response is withheld (Epstein, 1983). Stated differently, a behavior that was previously reinforced and subsequently extinguished may reoccur if a recently reinforced alternative behavior no longer contacts reinforcement. ",,1,,,1,,1,
2017,"Craig, Andrew R; Browning, Kaitlyn O; Nall, Rusty W; Marshall, Ciara M; Shahan, Timothy A",Journal of the Experimental Analysis of Behavior,Resurgence and alternative-reinforcer magnitude.,Recurrence of previously reinforced behavior following loss of an alternative source of reinforcement is termed resurgence,,1,,,1,,1,
2017,"Craig, Andrew R; Browning, Kaitlyn O; Shahan, Timothy A",Journal of the Experimental Analysis of Behavior,Stimuli previously associated with reinforcement mitigate resurgence.,Recurrence of previously reinforced behavior following loss of an alternative source of reinforcement is termed resurgence,,1,,,1,,1,
2017,"Dube, William V.; Thompson, Brooks; Silveira, Marcelo V.; Nevin, John A.",The Psychological Record,The role of contingencies and stimuli in a human laboratory model of treatment of problem behavior,Resurgence refers to the difference in proportions of  baseline between the initial sessions of extinction and the immediately preceding sessions of treatment ,,,1,,1,,0,
2017,"Kuroda, Toshikazu; Mizutani, Yuto; Cançado, Carlos R X; Podlesnik, Christopher A",Behavioural Brain Research,"Operant models of relapse in zebrafish (Danio rerio): Resurgence, renewal, and reinstatement.","First, resurgence is the relapse of a previously reinforced and then extinguished response when reducing or eliminating reinforcement for a more recently trained response",,1,,,1,,1,
2017,"Kuroda, Toshikazu; Mizutani, Yuto; Cançado, Carlos R X; Podlesnik, Christopher A",Behavioural Processes,Reversal learning and resurgence of operant behavior in zebrafish (Danio rerio).,Resurgence is the return of a target response when reducing or eliminating reinforcement for a more recently trained response ,,1,,,1,,1,
2017,"Liddon, Clare J.; Kelley, Michael E.; Podlesnik, Christopher A.",Learning and Motivation,An animal model of differential reinforcement of alternative behavior,Resurgence effects are evident in the third phase of a three-phase procedure when a previously reinforced but recently extinguished behavior reemerges,,1,,,1,,1,
2017,"Romano, Lucie M.; St. Peter, Claire C.",The Psychological Record,Omission training results in more resurgence than alternative reinforcement,Resurgence refers to the reemergence of a previously reinforced behavior following the extinction of a more recently reinforced behavior,,1,,,1,,1,
2017,"Smith, Brooke M; Smith, Gregory S; Shahan, Timothy A; Madden, Gregory J; Twohig, Michael P",Journal of the Experimental Analysis of Behavior,Effects of differential rates of alternative reinforcement on resurgence of human behavior.,"Resurgence research with nonhuman populations has  thus  far shown that although higher rates of alternative reinforcement tend to result in faster and more comprehensive elimination of target behavior, they can also result in greater resurgence of that behavior once reinforcement has been decreased or removed.",,1,,,1,,1,
2018,"Craig, Andrew R; Cunningham, Paul J; Sweeney, Mary M; Shahan, Timothy A; Nevin, John A",Journal of the Experimental Analysis of Behavior,Delivering alternative reinforcement in a distinct context reduces its counter-therapeutic effects on relapse.,"Additionally, work with animals and humans has demonstrated that the delivey of alternative reinforcment can increase the susepitability of target behavior to relapse when alterantive reinforcment is suspended",,1,,,1,,1,
2018,"Fontes, Rafaela M; Todorov, João C; Shahan, Timothy A",Journal of the Experimental Analysis of Behavior,Punishment of an alternative behavior generates resurgence of a previously extinguished target behavior.,Resurgence is often defined as an increase in a previously extinguished target behaviorwhen a more recently reinforced alternative behavior is also extinguished ,,1,,,1,,1,
2018,"Frye, Charles C J; Rung, Jillian M; Nall, Rusty W; Galizio, Ann; Haynes, Jeremy M; Odum, Amy L",PLoS ONE,Continuous nicotine exposure does not affect resurgence of alcohol seeking in rats.,"In animal models, these processes are modeled by making a reward (e.g., a drug) available for responding on a target manipulandum (e.g., lever) during a baseline phase. Once responding is established and the subject reliably earns rewards, target responses are placed on extinction and responding to an alternative manipulandum (e.g., chain) produced an alternative reward. Finally, once responding on the target manipulandum has stablilized in the presence of the alternative manipulandum and its associated reward, responses on the alternative manipulandum are also placed on extinction and return to the target manipulandum is indicative of relapse (in this case, resurgence).",1,,,1,,,1,Primarly a procedural definition; yet the process is also described with referennce to Phase 3
2018,"Galizio, Ann; Frye, Charles C J; Haynes, Jeremy M; Friedel, Jonathan E; Smith, Brooke M; Odum, Amy L",Journal of the Experimental Analysis of Behavior,Persistence and relapse of reinforced behavioral variability.,Resurgence is the reoccurrence of a previously reinforced behavior following extinction of a more recently reinforced  behavior,,1,,,1,,1,
2018,Garner; Joshua; Neef; Nancy A; Gardner; Ralph,Journal of Applied Behavior Analysis,Recurrence of Phonetic Responding,"Resurgence is a type of recurrence in which placing an originally reinforced response on extinction results in  the recurrence of an earlier reinforced response (R1). In this paradigm, R1 is reinforced in baseline and then extinguished while an alternative response (R2) is differentially reinforced. R2 is later placed on extinction, resulting in  the recurrence of R1 ",1,,,1,,,1,Primarly a procedural definition; yet the process is also described with referennce to Phase 3
2018,"Ho, Thuong; Bai, John Y H; Keevy, Madeleine; Podlesnik, Christopher A",Journal of the Experimental Analysis of Behavior,Resurgence when challenging alternative behavior with progressive ratios in children and pigeons.,Resurgence is defined as the recurrence of a previously reinforced response when reducing or eliminating  reinforcement for a more recently reinforced response,,1,,,1,,1,
2018,"Kestner, Kathryn M; Diaz-Salvat, Claudia C; St Peter, Claire C; Peterson, Stephanie M",Journal of the Experimental Analysis of Behavior,Assessing the repeatability of resurgence in humans: Implications for the use of within-subject designs.,"Resurgence is the reemergence of a previously extinguished response following the worsening of reinforcement conditions (e.g., the disruption or cessation of reinforcement) for an alternative response.",,1,,,1,,1,
2018,"Kestner, Kathryn M.; Romano, Lucie M.; St. Peter, Claire C.; Mesches, Gabrielle A.",The Psychological Record,Resurgence following response cost in a human-operant procedure,Resurgence refers to the temporary reemergence of a previously reinforced behavior following the extinction of an alternative behavior,,1,,,1,,1,
2018,"Kimball, Ryan T; Kelley, Michael E; Podlesnik, Christopher A; Forton, Alex; Hinkle, Brandy",Journal of Applied Behavior Analysis,Resurgence with and without an alternative response.,Resurgence refers to the reemergence of an extinguished target response after placing amore recently reinforced alternative response on extinction,,1,,,1,,1,
2018,"Kincaid, Stephanie L; Lattal, Kennon A",Journal of the Experimental Analysis of Behavior,"Beyond the breakpoint: reinstatement, renewal, and resurgence of ratio-strained behavior.","Resurgence is the recurrence of a previously reinforced response when reinforcement for a particular response is degraded, most commonly  by  extinguishing  it ",,1,,,1,,1,
2018,"Liggett, Ashley P; Nastri, Regina; Podlesnik, Christopher A",Journal of the Experimental Analysis of Behavior,Assessing the combined effects of resurgence and reinstatement in children diagnosed with autism spectrum disorder.,Resurgence is a laboratory model of relapse characterized by the reappearance of an extinguished operant response upon eliminating or reducing an alternative source of reinforcement,,1,,,1,,1,
2018,"Nall, Rusty W; Craig, Andrew R; Browning, Kaitlyn O; Shahan, Timothy A",Behavioural Brain Research,Longer treatment with alternative non-drug reinforcement fails to reduce resurgence of cocaine or alcohol seeking in rats.,Relapse following the loss of alternative reinforcement is known as resurgence,,1,,,1,,1,
2018,"Nighbor, Tyler D.; Kincaid, Stephanie L.; O'Hearn, Christopher M.; Lattal, Kennon A.",Journal of the Experimental Analysis of Behavior,Stimulus contributions to operant resurgence,"Resurgence, the recurrence of previously reinforced but not currently present behavior, typically is studied using a three-phase procedure. ",,1,,,1,,1,
2018,"Oliver, Anthony C.; Nighbor, Tyler D.; Lattal, Kennon A.",Journal of the Experimental Analysis of Behavior,Reinforcer magnitude and resurgence,"In what has become the standard demonstration of operant-response resurgence, a transient recovery of a previously reinforced response occurs when reinforcement of a current response is eliminated",,1,,,1,,1,
2018,"Trask, Sydney; Keim, Christopher L; Bouton, Mark E",Journal of the Experimental Analysis of Behavior,Factors that encourage generalization from extinction to test reduce resurgence of an extinguished operant response.,"In  resurgence, an extinguished  operant behavior recovers when reinforcement  for an alternative second behavior is removed",,1,,,1,,1,
2019,"Cook, James E.; Lattal, Kennon A.",Journal of the Experimental Analysis of Behavior,"Repeated, within‐session resurgence","Resurgence is the reappearance of a response not currently reinforced when the conditions of reinforcement of a current response are worsened (e.g., decreased rein-forcer frequency, magnitude, or quality)",,1,,,1,,1,
2019,"Cox, David J; Bolívar, Hypatia A; Barlow, Molly A",Behavioural Processes,Multiple control responses and resurgence of human behavior.,The term “resurgence” is used to describe the reoccurrence of a previously extinguished behavior when reinforcement for an alternative response is withheld or reinforcement conditions worsen.,,1,,,1,,1,
2019,"Lattal, Kennon A.; Solley, Elizabeth A.; Cançado, Carlos R. X.; Oliver, Anthony C.",Journal of the Experimental Analysis of Behavior,Hierarchical resurgence,"Resurgence is a transient recovery of a previously reinforced, target, response, when reinforcement  conditions for a currently reinforced, alternative, response, are degraded or otherwise worsened",,1,,,1,,1,
2019,"Podlesnik CA, Kuroda T, Jimenez-Gomez C, Abreu-Rodrigues J, Cançado CRX, Blackman AL, Silverman K, Villegas-Barker J, Galbato M, Teixeira ISC.",Journal of the Experimental Analysis of Behavior,Resurgence is greater following a return to the training context than remaining in the extinction context,"Resurgence procedures are one approach to modeling challenges to DRA treatments to uncover processes relevant to understanding the recurrence of problem behavior. Specifically, a target response simulating problem behavior eliminated by DRA returns upon the reduction or removal of an alternative source of reinforcement",,1,,,1,,1,
2019,"Reed, Phil",Heliyon,"Behavioral resurgence in individuals varying in depression, anxiety, and autism-associated tendencies","A further situation in which behavior reoccurs after extinction is when an alternative behavior, that has been reinforced to replace it, is also extinguished. This phenomenon is known as ‘resurgence’.",,1,,,1,,1,
2019,"Thrailkill, Eric A.; Ameden, Wesley C.; Bouton, Mark E.",Journal of Experimental Psychology: Animal Learning and Cognition,Resurgence in humans: Reducing relapse by increasing generalization between treatment and testing,Resurgence refers to the increase of an extinguished operant response observed when extinction is introduced for a response that has been reinforced to replace it,,1,,,1,,1,
2019,"Trask, Sydney",Learning & Behavior,Cues Associated with Alternative Reinforcement During Extinction Can Attenuate Resurgence of an Extinguished Instrumental Response.,"Extinguished operant responding can also recover in a phenomenon known as resurgence. In a standard resurgence paradigm, a target response, R1, is reinforced and then extinguished. While R1 is extinguished, a newly available replacement response, R2, is reinforced. During a test, both responses are available and neither is reinforced. The typical result is that R1 behavior returns or resurges when reinforcment for R2 is removed. ",1,,,1,,,1,Primarly a procedural definition; yet the process is also described with referennce to Phase 3
2020,"Alessandri, Jérôme; Cançado, Carlos R X",Behavioural Processes,Context affects resurgence of negatively reinforced human behavior.,Resurgence is the recurrence of previously reinforced and later extinguished responding when alternative reinforcers are reduced or withdrawn,,1,,,1,,1,
2020,"Bolívar HA, Dallery J",Behavioural Processes,Effects of response cost magnitude on resurgence of human operant behavior," One form in particular, resurgence, has received notable attention in the past decade. Typically, researchers use the following three-phase approach to study resurgence: In Phase 1, some target response is reinforced; in Phase 2, that target response is placed on extinction and an alternative response is reinforced; and in Phase 3, the alternative response is no longer reinforced while the target response remains on extinction",1,,,1,,,1,
2020,"Brown, Katherine R; Greer, Brian D; Craig, Andrew R; Sullivan, William E; Fisher, Wayne W; Roane, Henry S",Journal of the Experimental Analysis of Behavior,Resurgence following differential reinforcement of alternative behavior implemented with and without extinction.,"Translational researchers have placed considerable focus on resurgence, or the reemergence of previous behavior resulting from a general worsening of reinforcement conditions, as such conditions occur frequently in and outside the clinic",,1,,,1,,1,
2020,"Cook, Jemma E; Chandler, Cassie; Rüedi-Bettschen, Daniela; Taylor, Ian; Patterson, Sean; Platt, Donna M",Psychology of Addictive Behaviors,Changes in the elimination and resurgence of alcohol-maintained behavior in rats and the effects of naltrexone.,The process of relapse that occurs following the loss of alternative reinforcers provided in treatment is known as resurgence,,1,,,1,,1,
2020,"Craig, A. R., Sullivan, W. E., Derrenbacker, K., Rimal, A., DeRosa, N. M., & Roane, H. S.",Learning & Motivation,An evaluation of resurgence in mice,Previously eliminated behavior tends to relapse when an alternative source of reinforcement that was made available during response elimination is either suspended or reduced this form of relapse is termed resurgence,,1,,,1,,1,
2020,"Diaz-Salvat, Claudia C; St Peter, Claire C; Shuler, Natalie J",Journal of Applied Behavior Analysis,Increased number of responses may account for reduced resurgence following serial training.," In the first phase of a resurgence evaluation, challenging behavior is reinforced. In the second phase, reinforcement for the challenging behavior is withheld (extinction) and an alternative response is reinforced. In the third phase, reinforcement conditions for the alternative response are worsened in some way (e.g., reduction in reinforcement or quality of reinforcement) and challenging behavior resurges.",1,,,1,,,1,Primarly a procedural definition; yet the process is also described with referennce to Phase 3
2020,"Elcoro, M., Lattal, K. A., & Choromanski, M.",Mexican Journal of Behavior Analysis,Repeated operant response resurgence with a peak-interval procedure,"The most common definition of resurgence is the recurrence of previously reinforced behavior during extinction of another, more recently reinforced behavior",,1,,,1,,1,
2020,"Galizio, A., Friedel, J. E., & Odum, A. L.",Journal of the Experimental Analysis of Behavior,An investigation of resurgence of reinforced behavioral variability in humans,Resurgence is defined as the reoccurrence of a previously extinguished target behavior after an alternative source of reinforcement  is suspended,,1,,,1,,1,
2020,"Hernandez, CM, Madrigal, KD, & Flores, CJ",Learning & Motivation,Resurgence after different number of target-extinction or alternative-reinforcement sessions in rats,"Resurgence refers to the recurrence of previously-extinguished responding when recently-established alternative responding is also placed under extinction conditions –that is, no reinforcer is delivered upon responding",,1,,,1,,1,
2020,"Houchins, A. L., Williams, C. L., & St. Peter, C. C.",The Psychological Record,Time-out during alternative reinforcement does not reduce resurgence: An exploratory study.,Resurgence is the reemergence of a previously reinforced response after that response has been extinguished and reinforcement conditions for an alternative response have worsened,,1,,,1,,1,
2020,"Kuroda T, Gilroy SP, Cançado CRX, Podlesnik CA",Behavioural Processes,Effects of punishing target response during extinction on resurgence and renewal in zebrafish (Danio rerio),"With resurgence, a target response is reinforced in Phase 1,  followed by extinction while introducing a reinforcement contingency for an alternative response in Phase 2. In Phase 3, target responding recurs despite the ongoing extinction contingency upon worsening the consequence of the alternative response. ",1,,,1,,,1,Primarly a procedural definition; yet the process is also described with referennce to Phase 3
2020,"Nighbor, T. D., Oliver, A. C., & Lattal, K. A.",Behavioural Processes,Resurgence without overall worsening of alternative reinforcement,"Resurgence, the recurrence of a previously, but not currently, reinforced target response when the conditions of reinforcement of an alternative response are worsened, has been investigated most freuently when reinforcement of the contemporary response is discontinued",,1,,,1,,1,
2020,"Podlesnik, Christopher A.; Ritchey, Carolyn M.; Kuroda, Toshikazu",Behavioural Processes,Repeated resurgence with and without a context change,Resurgence is the return of a previously reinforced and then exinguished operant response when extinguishing or reducing an alternative source of reinforcement,,1,,,1,,1,
2020,"Robinson, Théo P.; Kelley, Michael E.",Journal of the Experimental Analysis of Behavior,Renewal and resurgence phenomena generalize to Amazon's Mechanical Turk,"Resurgence is a particularly relevant arrangement as it mimics perfectly situations that often arise in clinical settings. For example, consider a child who engagesin aggression to access attention because appropriate requests are ignored. Next, appropriate requests are reinforced, and aggression is placed on extinction. Finally, both appropriate requests and aggression are both placed on extinction. One might expect the child to engage in appropriate requests for a bit, as that response was more recently reinforced. However, as the child contacts extinction, it becomes increasingly more likely that he/she might engage in another behavior, such as another topography in the reponse class—or perhaps the topography that was most recently reinforced",1,,,1,,,1,
2020,"Shahan, T. A., Browning, K. O., Nist, A. N., & Sutton, G. M.",Journal of the Experimental Analysis of Behavior,Resurgence and downshifts in alternative reinforcement rate,Resurgence is an increase in a previously suppressed behavior resulting from a relativeworsening in conditions for a more recently reinforced behavior,,1,,,1,,1,
2020,"Shahan, Timothy A; Browning, Kaitlyn O; Nall, Rusty W",Journal of the Experimental Analysis of Behavior,Resurgence as Choice in Context: Treatment duration and on/off alternative reinforcement.,Resurgence is an increase in a previously suppressed behavior resulting from a relative worsening in conditions for a more recently reinforced behavior,,1,,,1,,1,
2020,"Shvarts, Samuel; Jimenez-Gomez, Corina; Bai, John Y H; Thomas, Rachel R; Oskam, James J; Podlesnik, Christopher A",Journal of the Experimental Analysis of Behavior,Examining stimuli paired with alternative reinforcement to mitigate resurgence in children diagnosed with autism spectrum disorder and pigeons.,Resurgence is defined as the recurrence of a previously reinforced and extinguished target response when reinforcement is decreased or eliminated for a more recently reinforced alternative response,,1,,1,,,0,
2020,"Williams, Catherine L; St Peter, Claire C",Journal of the Experimental Analysis of Behavior,Resurgence of previously taught academic responses.,Resurgence refers to an increase in a previously reinforced response when the reinforcement conditions for an alternative response worsen,,1,,,1,,1,